{
    "num_agents": 5,
    "num_passengers": 2,
    "agent_positions": [
        [
            37.824454,
            -122.231589
        ],
        [
            37.821592,
            -122.234797
        ]
    ],
    "passenger_positions": [
        [
            37.824454,
            -122.231589
        ],
        [
            37.821592,
            -122.234797
        ]
    ],
    "passenger_destinations": [
        [
            37.824454,
            -122.231589
        ],
        [
            37.821592,
            -122.234797
        ]
    ]
}